contig	window_index	window_length	cds_bp	cds_ratio	cds_bp2	cds_ratio2	unmasked_bp	LTR	RC	rRNA	SINE	LINE	Simple_repeat	Low_complexity	Unknown	DNA	tRNA
1	0	1000000.0	25670	0.055145834631240426	0	0.0	465493	0.030164	0.007767	0.000185	0.000465	0.116121	0.005626	0.000322	0.211112	0.250067	0.000536
1	1	1000000.0	48412	0.0888624570252773	0	0.0	544797	0.013767	3.4e-05	0.002506	0.000475	0.18567	0.004991	0.000456	0.146736	0.14382	0.000946
1	2	1000000.0	71778	0.09994110300291144	0	0.0	718203	0.008989	0.000411	0.001019	0.001027	0.077932	0.011863	0.000351	0.149086	0.080265	0.000549
1	3	1000000.0	107791	0.14266598548338424	0	0.0	755548	0.00874	0.000916	0.000397	0.002502	0.064253	0.005723	0.000553	0.139253	0.070449	0.000719
1	4	1000000.0	31671	0.04109738357947298	0	0.0	770633	0.011695	0.000173	0.000915	0.001418	0.08562	0.007706	0.000301	0.14422	0.071449	0.001053
1	5	1000000.0	79956	0.10795659376936693	0	0.0	740631	0.017079	0.000164	0.000811	0.001419	0.093922	0.007945	0.000639	0.184961	0.074302	0.000243
1	6	1000000.0	74229	0.10436018597536544	0	0.0	711277	0.016686	0.000363	0.002745	0.002514	0.121698	0.010152	0.000756	0.264933	0.072448	0.000704
1	7	1000000.0	66408	0.09127444458494373	0	0.0	727564	0.01745	0.0	0.003878	0.002286	0.119653	0.018096	0.000478	0.26054	0.061587	0.001303
1	8	1000000.0	85935	0.11639498581209663	0	0.0	738305	0.018632	0.000567	0.002593	0.004946	0.104372	0.012503	0.000947	0.268108	0.052247	0.00089
1	9	1000000.0	50518	0.06697157704952805	0	0.0	754320	0.013473	0.000282	0.002477	0.002792	0.11775	0.008512	0.000309	0.245743	0.051471	0.001202
1	10	1000000.0	60313	0.08016294957335389	0	0.0	752380	0.015058	0.000439	0.001037	0.002214	0.121418	0.011372	0.000677	0.2004	0.042432	0.001333
1	11	1000000.0	38030	0.048623257336320024	0	0.0	782136	0.008091	0.000257	0.000222	0.000954	0.102544	0.010235	0.000648	0.163823	0.037062	0.000432
1	12	1000000.0	50189	0.06640179509365764	0	0.0	755838	0.011292	0.000649	0.000104	0.001225	0.086701	0.007262	0.001088	0.186192	0.037541	0.000687
1	13	1000000.0	78081	0.09994444757335737	0	0.0	781244	0.013039	0.000961	0.000783	0.000971	0.109249	0.007881	0.000518	0.165116	0.034857	0.000731
1	14	1000000.0	30570	0.03845017011401727	0	0.0	795055	0.012086	0.001297	0.000608	0.002183	0.131128	0.011499	0.000563	0.170244	0.037137	0.000176
1	15	1000000.0	55750	0.07073015083601135	0	0.0	788207	0.008272	0.000544	0.0	0.001416	0.11385	0.01033	0.000268	0.148623	0.031225	0.00019
1	16	1000000.0	109049	0.13991690873818297	0	0.0	779384	0.012924	0.000847	0.0	0.003572	0.116866	0.02708	0.000653	0.141026	0.024133	0.001715
1	17	1000000.0	48372	0.06361907467468415	0	0.0	760338	0.013367	0.000381	0.001084	0.002305	0.139144	0.00719	0.000301	0.203642	0.04135	0.000881
1	18	1000000.0	38513	0.050506401656575356	0	0.0	762537	0.014869	0.000264	0.001974	0.003621	0.144882	0.024667	0.000536	0.23216	0.052511	0.00075
1	19	1000000.0	31301	0.04274778927242309	0	0.0	732225	0.02591	0.000353	0.000339	0.002184	0.158925	0.024459	0.000523	0.205588	0.049887	0.001438
1	20	1000000.0	31429	0.05693659420289855	0	0.0	552000	0.106573	0.002755	0.000378	0.000143	0.225682	0.124387	0.000255	0.22765	0.055159	0.00024
1	21	1000000.0	37826	2.9505460218408737	0	0.0	12820	0.012526	0.0	0.0	0.0	0.173225	0.394872	0.0	0.411634	0.033741	0.0
1	22	1000000.0	39907	2.125312882782127	0	0.0	18777	0.020067	0.0	0.0	0.0	0.204202	0.361717	0.0	0.389112	0.049367	0.0
1	23	1000000.0	21315	2.708042180154999	0	0.0	7871	0.010292	0.0	0.0	0.0	0.180319	0.400842	0.0	0.393056	0.040243	0.0
1	24	1000000.0	18352	0.09872717687184618	0	0.0	185886	0.029703	6.7e-05	0.0	0.00214	0.075153	0.439506	4.5e-05	0.356381	0.01695	0.0
1	25	1000000.0	38234	0.05574753368851718	0	0.0	685842	0.114995	0.006582	3.6e-05	0.000484	0.271101	0.009341	0.000146	0.191701	0.09587	0.0
1	26	1000000.0	82035	0.1096100349266327	0	0.0	748426	0.02707	0.00041	0.001478	0.002985	0.105989	0.008917	0.000241	0.204741	0.061712	0.00079
1	27	1000000.0	29000	0.038946196501019985	0	0.0	744617	0.02215	0.000496	0.001258	0.002553	0.133887	0.013879	0.000345	0.232527	0.06393	0.001283
1	28	1000000.0	66791	0.09131214642535866	0	0.0	731458	0.01219	0.000677	0.000706	0.001743	0.104621	0.011231	0.000331	0.249633	0.080222	0.00192
1	29	1000000.0	31238	0.04416269992181966	0	0.0	707339	0.028045	0.007882	0.000307	0.003313	0.155799	0.014114	0.000263	0.275388	0.092872	0.001179
1	30	1000000.0	29764	0.04057003046432539	0	0.0	733645	0.019044	0.006927	0.000815	0.002838	0.118193	0.011265	0.000393	0.248956	0.062521	0.001005
1	31	1000000.0	43616	0.07104450869405872	0	0.0	613925	0.005986	0.044007	0.001212	0.002026	0.107883	0.005651	0.000404	0.34755	0.061768	0.000963
1	32	1000000.0	43067	0.059284516674329546	0	0.0	726446	0.02602	0.006769	0.000428	0.001371	0.149235	0.00673	0.000368	0.241495	0.075023	0.000992
1	33	1000000.0	25091	0.03246991896431686	0	0.0	772746	0.013311	0.000438	0.000208	0.003049	0.119262	0.013021	0.000567	0.218101	0.047998	0.00192
1	34	1000000.0	26348	0.03382072244492965	0	0.0	779049	0.021764	0.000133	0.00054	0.00227	0.096386	0.012533	0.000211	0.217363	0.050379	0.00081
1	35	1000000.0	83755	0.11083233755595871	0	0.0	755691	0.008864	0.000526	0.000583	0.001914	0.10208	0.006991	0.00092	0.185186	0.033655	0.00043
1	36	1000000.0	6943	0.008988900785476898	0	0.0	772397	0.012496	0.000688	0.000488	0.00237	0.120854	0.017923	0.000551	0.210734	0.042997	0.001622
1	37	1000000.0	34285	0.04496181163905704	0	0.0	762536	0.006936	0.001002	0.000731	0.001093	0.089744	0.012309	0.000609	0.206053	0.041133	0.00096
1	38	1000000.0	68258	0.08871622842303778	0	0.0	769397	0.008039	0.000751	0.000266	0.002362	0.088382	0.010888	0.000307	0.175006	0.040048	0.000898
1	39	1000000.0	79543	0.10368583100655149	0	0.0	767154	0.012384	0.000674	0.00025	0.000854	0.11201	0.009722	0.000448	0.187906	0.036753	0.00123
1	40	1000000.0	50629	0.06703679085644072	0	0.0	755242	0.019177	0.001428	8.9e-05	0.001551	0.137375	0.010606	0.000406	0.224063	0.038223	0.000226
1	41	1000000.0	45933	0.059178283387873946	0	0.0	776180	0.015127	0.000405	0.000713	0.001832	0.087637	0.009247	0.00036	0.176718	0.037802	0.000246
1	42	1000000.0	19602	0.025011834749888034	0	0.0	783709	0.016203	0.000784	0.00041	0.001757	0.110975	0.010922	0.000425	0.16532	0.031184	0.000491
1	43	1000000.0	65254	0.09421885445559279	0	0.0	692579	0.011139	0.000964	0.000763	0.001123	0.083241	0.006198	0.00034	0.236191	0.032217	6.2e-05
1	44	1000000.0	60619	0.07834817303056818	0	0.0	773713	0.009447	0.000821	0.000305	0.002305	0.08557	0.016619	0.000348	0.17	0.034094	0.000462
1	45	1000000.0	69715	0.09150367117217627	0	0.0	761882	0.011129	0.000499	0.000762	0.001462	0.088535	0.010081	0.000546	0.174688	0.043764	0.000521
1	46	1000000.0	65894	0.09001187062791387	0	0.0	732059	0.014903	0.000488	0.000234	0.001573	0.075971	0.010653	0.000863	0.16388	0.07947	0.000502
1	47	1000000.0	90000	0.11994354657074736	0	0.0	750353	0.016717	0.000171	0.000127	0.001357	0.07725	0.006314	0.000451	0.15833	0.07407	0.000332
1	48	1000000.0	38363	0.049410813115252396	0	0.0	776409	0.011033	0.000126	0.0	0.001262	0.080253	0.010163	0.000565	0.167548	0.048434	0.000814
1	49	182353.0	4805	0.10755696825894256	0	0.0	44674	0.04735869440042116	0.0	0.0	0.0	0.19298832484247586	0.006207739932987118	0.0	0.2661102367386333	0.37612762060399335	0.0
2	0	1000000.0	69572	0.14182968695212544	0	0.0	490532	0.047648	0.0	0.0	0.001332	0.105333	0.008567	0.000712	0.217316	0.238257	0.000304
2	1	1000000.0	62665	0.08581883618346181	0	0.0	730201	0.014383	0.000145	0.001841	0.0	0.073889	0.007288	0.000459	0.140484	0.09131	0.000745
2	2	1000000.0	100896	0.13641083326122697	0	0.0	739648	0.007501	0.000249	0.003163	0.003254	0.087598	0.009317	0.000871	0.131439	0.052253	0.000534
2	3	1000000.0	58025	0.08471161552824864	0	0.0	684971	0.005797	0.000896	0.000352	0.001267	0.166115	0.008587	0.000471	0.1465	0.032653	0.000823
2	4	1000000.0	93575	0.12480710416841724	0	0.0	749757	0.021814	0.000237	0.000304	0.000985	0.084351	0.008948	0.000493	0.153447	0.044352	0.000164
2	5	1000000.0	84885	0.11517795356789101	0	0.0	736990	0.015744	0.000117	0.000408	0.00102	0.117054	0.010727	0.000535	0.172498	0.043957	0.000325
2	6	1000000.0	49343	0.0652809529857539	0	0.0	755856	0.007863	0.000624	0.000274	0.000992	0.122979	0.011163	0.00056	0.172347	0.04805	0.000439
2	7	1000000.0	85318	0.11210004624957955	0	0.0	761088	0.006453	0.000898	0.000526	0.002255	0.082108	0.012262	0.000646	0.163152	0.03378	0.00052
2	8	1000000.0	76652	0.09952284810989424	0	0.0	770195	0.016079	0.000316	0.001449	0.001892	0.098697	0.008961	0.000921	0.167363	0.040321	0.000973
2	9	1000000.0	76703	0.10176644783976989	0	0.0	753716	0.011382	0.00047	0.000299	0.001971	0.113443	0.008567	0.000544	0.233257	0.054923	0.001504
2	10	1000000.0	30448	0.040985824299930945	0	0.0	742891	0.015512	0.000235	0.000769	0.001058	0.137013	0.01055	0.000926	0.253778	0.062556	0.001688
2	11	1000000.0	83635	0.11072306590428581	0	0.0	755353	0.010928	0.000704	0.001693	0.0021	0.100311	0.010075	0.000331	0.243234	0.050819	0.001561
2	12	1000000.0	79891	0.10720846814181025	0	0.0	745193	0.01469	0.000338	0.001179	0.003374	0.102439	0.007652	0.000806	0.24729	0.043484	0.001324
2	13	1000000.0	93762	0.1268861324102167	0	0.0	738946	0.020361	0.00035	0.003114	0.002663	0.10045	0.008959	0.000634	0.196059	0.055706	0.000708
2	14	1000000.0	59680	0.08104786414161648	0	0.0	736355	0.007907	0.000626	0.004095	0.004167	0.122089	0.012677	0.000589	0.211844	0.056165	0.001337
2	15	1000000.0	55697	0.07321173659180352	0	0.0	760766	0.013203	0.000304	0.00198	0.00181	0.09394	0.008485	0.000327	0.185337	0.042111	0.000914
2	16	1000000.0	24499	0.031155179473875635	0	0.0	786354	0.011469	0.000575	0.000377	0.001003	0.095944	0.01044	0.000747	0.151472	0.041	0.000741
2	17	1000000.0	105847	0.1380862799532437	0	0.0	766528	0.009973	0.000821	0.000439	0.001421	0.084176	0.009569	0.000604	0.144819	0.038783	0.000756
2	18	1000000.0	38230	0.05216954624912835	0	0.0	732803	0.035212	0.007966	0.00038	0.00211	0.086497	0.006348	0.000502	0.208138	0.050176	0.00119
2	19	1000000.0	39099	0.05164665912861536	0	0.0	757048	0.009647	0.000562	0.002965	0.002673	0.121024	0.007336	0.000677	0.22761	0.062763	0.000549
2	20	1000000.0	54981	0.07180722891566266	0	0.0	765675	0.015115	0.000314	0.001645	0.002578	0.09813	0.009129	0.000651	0.217506	0.056933	0.001594
2	21	1000000.0	122287	0.16079181623341618	0	0.0	760530	0.018679	0.000179	0.001819	0.002084	0.140562	0.00884	0.000439	0.213908	0.048688	0.00118
2	22	1000000.0	17894	0.06751484692761038	0	0.0	265038	0.040502	0.000342	0.0	0.0	0.083606	0.353606	0.000195	0.315202	0.048439	0.0
2	23	1000000.0	45258	0.6869450389326534	0	0.0	65883	0.052776	0.0	0.0	0.0	0.117431	0.45331	0.0	0.337899	0.041233	0.0
2	24	1000000.0	36708	0.4908339684704561	0	0.0	74787	0.094718	0.0	0.0	0.0	0.127014	0.397494	0.0	0.339354	0.062268	0.0
2	25	1000000.0	34627	0.632121798499425	0	0.0	54779	0.064963	0.0	0.0	0.0	0.10493	0.446445	0.0	0.361798	0.043649	0.0
2	26	1000000.0	47209	0.7177347016343596	0	0.0	65775	0.065869	0.0	0.0	0.0	0.11343	0.437954	0.0	0.347435	0.060346	0.0
2	27	1000000.0	11991	0.10194521433065243	0	0.0	117622	0.047652	0.0	0.0	0.0	0.127349	0.438497	3e-05	0.338912	0.024255	0.0
2	28	1000000.0	37417	0.055629810572890265	0	0.0	672607	0.050236	0.000515	0.000666	0.002128	0.198369	0.043276	0.000214	0.231287	0.05764	0.00079
2	29	1000000.0	55612	0.07524184492159489	0	0.0	739110	0.008775	0.000395	0.000575	0.002886	0.146635	0.009098	0.000563	0.226552	0.067859	0.000895
2	30	1000000.0	35263	0.048735890805511134	0	0.0	723553	0.010813	0.000322	0.00097	0.003305	0.152267	0.008284	0.001046	0.225338	0.075857	0.001388
2	31	1000000.0	27249	0.03775333765607595	0	0.0	721764	0.023316	0.001359	0.002005	0.002683	0.160435	0.018642	0.000349	0.219634	0.064098	0.001799
2	32	1000000.0	22837	0.031246750403634074	0	0.0	730860	0.016517	0.000163	0.002798	0.005183	0.164798	0.015763	0.000375	0.25659	0.086201	0.00144
2	33	1000000.0	45634	0.06206030868319378	0	0.0	735317	0.018393	0.0003	0.000915	0.002501	0.166426	0.012258	0.000196	0.25223	0.068365	0.001349
2	34	1000000.0	45764	0.06141095987836969	0	0.0	745209	0.015544	0.00065	0.001524	0.001488	0.103779	0.006628	0.000182	0.223977	0.056267	0.000704
2	35	1000000.0	26561	0.035165507325430216	0	0.0	755314	0.014674	0.001293	0.000431	0.002527	0.134124	0.008687	0.000439	0.211584	0.039701	0.000684
2	36	1000000.0	54771	0.0713113921677382	0	0.0	768054	0.008793	0.000798	0.000661	0.003926	0.101357	0.012816	0.00071	0.172616	0.039894	0.000268
2	37	1000000.0	58182	0.07822253532866989	0	0.0	743801	0.023052	0.000853	0.001063	0.000732	0.143499	0.008464	0.00038	0.166854	0.053839	0.000876
2	38	1000000.0	17007	0.022469252914185608	0	0.0	756901	0.01282	0.00039	0.000689	0.002912	0.101896	0.008229	0.000551	0.196962	0.049706	0.001161
2	39	1000000.0	97691	0.13176362368510852	0	0.0	741411	0.009894	0.000769	0.00063	0.004971	0.103248	0.006917	0.000846	0.191655	0.064184	0.000677
2	40	1000000.0	101613	0.14489564855322523	0	0.0	701284	0.015804	0.000549	0.002394	0.002197	0.097254	0.010065	0.000582	0.228001	0.096153	0.001638
2	41	1000000.0	106926	0.14954915390306703	0	0.0	714989	0.015723	5.3e-05	0.001709	0.001946	0.111679	0.006717	0.000718	0.211661	0.072207	0.000476
2	42	1000000.0	70133	0.09986600614292773	0	0.0	702271	0.015666	0.000748	0.000966	0.001048	0.098448	0.009097	0.000357	0.214758	0.093063	0.000736
2	43	1000000.0	43046	0.057257096948398645	0	0.0	751802	0.010466	0.00036	0.000856	0.001184	0.114942	0.007289	0.00033	0.172048	0.079217	0.000641
2	44	1000000.0	25779	0.05915531741569811	0	0.0	435785	0.058175	9.2e-05	0.000265	0.001691	0.275231	0.00454	0.000333	0.231098	0.144914	0.00017
2	45	375201.0	0	0.0	0	0.0	63412	0.07829669963566195	0.0	0.0	0.0005890176198890727	0.20850957220263272	0.01177768715968241	0.00018123619073509933	0.29895176185564537	0.4190633820272334	0.0
3	0	1000000.0	48519	0.07066426065338116	0	0.0	686613	0.013243	0.000688	0.003071	0.003273	0.080293	0.005273	0.001128	0.214802	0.098391	0.001332
3	1	1000000.0	109955	0.150175845938471	0	0.0	732175	0.013286	4.4e-05	0.001717	0.003962	0.072142	0.008811	0.000414	0.235267	0.06243	0.000564
3	2	1000000.0	111091	0.15065739955924734	0	0.0	737375	0.017207	0.0	0.002186	0.002047	0.0622	0.007123	0.000647	0.212774	0.0635	0.000466
3	3	1000000.0	61981	0.08197428128178304	0	0.0	756103	0.013821	0.000793	0.003995	0.004058	0.08888	0.006912	0.000599	0.233168	0.043426	0.001237
3	4	1000000.0	48375	0.07059426139796339	0	0.0	685254	0.012225	5.2e-05	0.001474	0.001188	0.08604	0.009117	0.000412	0.282944	0.036103	0.001667
3	5	1000000.0	48034	0.06343450137476196	0	0.0	757222	0.010022	0.000673	0.001839	0.003619	0.100944	0.008969	0.000639	0.245007	0.048163	0.002082
3	6	1000000.0	36994	0.0485669761891321	0	0.0	761711	0.011889	0.00047	0.000624	0.00222	0.102976	0.004226	0.000451	0.267298	0.046088	0.002177
3	7	1000000.0	103798	0.13349143413459746	0	0.0	777563	0.009627	0.000284	0.001326	0.000506	0.08015	0.007462	0.000662	0.175953	0.035297	0.001358
3	8	1000000.0	42935	0.05480485463661707	0	0.0	783416	0.013799	0.000802	0.00146	0.001232	0.101739	0.00718	0.000368	0.187817	0.036604	0.000986
3	9	1000000.0	53003	0.06860341703339373	0	0.0	772600	0.006897	0.000894	0.000916	0.002651	0.1025	0.007753	0.000546	0.184202	0.04138	0.001121
3	10	1000000.0	89990	0.11652901765481305	0	0.0	772254	0.008076	0.00039	0.000786	0.002077	0.101466	0.006899	0.000583	0.15933	0.036964	0.000913
3	11	1000000.0	75906	0.09803404960983207	0	0.0	774282	0.005901	0.000186	0.000617	0.00158	0.085125	0.008785	0.000543	0.158381	0.033646	0.00032
3	12	1000000.0	42762	0.05454496751817974	0	0.0	783977	0.008918	0.001037	0.000907	0.001882	0.10145	0.00627	0.00089	0.172666	0.032892	0.000511
3	13	1000000.0	40987	0.05241036264129712	0	0.0	782040	0.008323	0.00042	0.001091	0.002945	0.102833	0.00753	0.000612	0.154593	0.040793	0.00103
3	14	1000000.0	16399	0.020771321668596153	0	0.0	789502	0.006452	0.00074	0.000648	0.00136	0.105027	0.007776	0.000604	0.179357	0.027586	0.000828
3	15	1000000.0	46779	0.06066835179058466	0	0.0	771061	0.010496	0.001173	0.000365	0.001931	0.116303	0.007434	0.00026	0.183034	0.045606	0.000614
3	16	1000000.0	43748	0.0624490570831888	0	0.0	700539	0.012428	4.9e-05	0.000332	0.001263	0.127519	0.014205	0.000329	0.242892	0.036915	0.000126
3	17	1000000.0	70743	0.09267172492572429	0	0.0	763372	0.015858	0.001181	0.000222	0.002528	0.151497	0.013357	0.000749	0.183877	0.039678	0.000231
3	18	1000000.0	28211	0.047411612660350946	0	0.0	595023	0.05784	0.000196	0.000558	0.001465	0.211031	0.053745	0.000277	0.224746	0.098545	0.000145
3	19	1000000.0	689	0.04169692568385379	0	0.0	16524	0.012669	0.0	0.0	0.0	0.053382	0.605042	0.0	0.346171	0.000489	0.0
3	20	1000000.0	21087	0.6407085561497327	0	0.0	32912	0.020273	0.0	0.0	0.0	0.16965	0.485523	9.4e-05	0.327377	0.01525	0.0
3	21	1000000.0	83801	2.3461183123827656	0	0.0	35719	0.027929	0.0	0.0	0.0	0.156248	0.48248	0.0	0.341207	0.01585	0.0
3	22	1000000.0	12122	0.47632519941844476	0	0.0	25449	0.012188	0.0	0.0	0.0	0.0433	0.502818	0.0	0.452452	0.01456	0.0
3	23	1000000.0	34734	0.05710077216078436	0	0.0	608293	0.072069	0.000512	0.000152	0.002143	0.26795	0.080995	0.000696	0.217246	0.042341	7.6e-05
3	24	1000000.0	57179	0.07864737356092596	0	0.0	727030	0.018468	0.000317	0.000247	0.001117	0.128215	0.008832	0.000794	0.189447	0.064207	0.00031
3	25	1000000.0	16822	0.02329094294951229	0	0.0	722255	0.022933	0.008159	0.000725	0.001861	0.10147	0.006727	0.000352	0.217249	0.046976	0.000842
3	26	1000000.0	66090	0.09285420246402935	0	0.0	711761	0.012884	0.000752	0.000402	0.001674	0.094508	0.011164	0.000442	0.206132	0.057268	0.000695
3	27	1000000.0	48650	0.06692022531413991	0	0.0	726985	0.017613	0.00019	0.0	0.002441	0.140997	0.009385	0.000482	0.225228	0.04599	0.001015
3	28	1000000.0	57673	0.07437416499450637	0	0.0	775444	0.007656	0.000722	0.000248	0.002111	0.136603	0.008481	0.000575	0.156861	0.025698	0.000786
3	29	1000000.0	78592	0.1140674256454319	0	0.0	688996	0.021833	0.000278	0.000533	0.001177	0.117844	0.006362	0.000494	0.20126	0.03688	0.000387
3	30	1000000.0	93635	0.12543386439719809	0	0.0	746489	0.010931	0.000539	0.001786	0.00175	0.123287	0.009063	0.000476	0.224106	0.065997	0.001168
3	31	1000000.0	91211	0.1218115140734093	0	0.0	748788	0.014343	0.0	0.002385	0.002663	0.115096	0.013744	0.000365	0.218589	0.054103	0.000953
3	32	1000000.0	45447	0.06054812661455676	0	0.0	750593	0.015535	0.000284	0.002302	0.0027	0.137875	0.007076	0.000531	0.253966	0.058613	0.001319
3	33	1000000.0	40252	0.05235283406601982	0	0.0	768860	0.01143	0.000268	0.001243	0.002494	0.130702	0.005116	0.000807	0.222034	0.052134	0.000447
3	34	1000000.0	31201	0.039905508830089836	0	0.0	781872	0.021582	0.000375	0.001212	0.002043	0.105901	0.017957	0.000411	0.193775	0.033907	0.002201
3	35	1000000.0	52757	0.07105166757349336	0	0.0	742516	0.012151	0.001559	0.000349	0.002164	0.101275	0.01191	0.000336	0.169268	0.058428	0.000701
3	36	1000000.0	78877	0.10676410434801441	0	0.0	738797	0.009134	0.000253	0.000338	0.000772	0.054301	0.006091	0.000496	0.170877	0.06614	0.001234
3	37	1000000.0	68485	0.09253016671237893	0	0.0	740137	0.008515	0.000589	0.000377	0.002279	0.079593	0.006648	0.000546	0.163028	0.067699	0.001158
3	38	1000000.0	93332	0.12409140526217122	0	0.0	752123	0.020145	0.000391	0.000238	0.001735	0.066912	0.007238	0.000676	0.160892	0.054243	0.00115
3	39	1000000.0	78170	0.10280845825453148	0	0.0	760346	0.0094	0.000811	0.000565	0.001088	0.069082	0.00568	0.000464	0.137193	0.05642	0.001187
3	40	1000000.0	36826	0.053373953927897476	0	0.0	689962	0.009676	0.000265	0.000915	0.000376	0.070085	0.003856	0.000594	0.137038	0.06634	0.001068
3	41	1000000.0	96233	0.13159834423456404	0	0.0	731263	0.014741	0.000327	0.002374	0.000832	0.070633	0.004077	0.000496	0.153139	0.086545	0.00108
3	42	41205.0	2054	0.2074118953852368	0	0.0	9903	0.0	0.0	0.0	0.0	0.13423128261133357	0.0016745540589734255	0.0016502851595680136	0.12280063099138454	0.4468632447518505	0.0
4	0	1000000.0	40466	0.08140103275070959	0	0.0	497119	0.048182	0.000741	0.003869	0.000781	0.22116	0.008451	0.000333	0.210812	0.127121	4.6e-05
4	1	1000000.0	86451	0.11857774193282912	0	0.0	729066	0.012352	0.000241	0.004796	0.000289	0.072251	0.005403	0.000834	0.165202	0.057023	0.0
4	2	1000000.0	36394	0.04728870224385503	0	0.0	769613	0.008016	0.00034	0.0	0.00107	0.078406	0.007061	0.000415	0.138077	0.040925	0.00056
4	3	1000000.0	52722	0.06705705484173761	0	0.0	786226	0.00899	0.000174	0.0	0.001037	0.07611	0.007394	0.000628	0.140232	0.038171	0.001065
4	4	1000000.0	33371	0.041948873435606576	0	0.0	795516	0.011715	0.000549	0.000214	0.001497	0.091578	0.006318	0.000289	0.150488	0.037543	0.000953
4	5	1000000.0	51588	0.06602562543755351	0	0.0	781333	0.00938	0.000689	0.00017	0.001546	0.079467	0.00546	0.000378	0.16817	0.031141	0.000181
4	6	1000000.0	36278	0.04725002214152865	0	0.0	767788	0.017947	0.000186	0.001108	0.001876	0.113563	0.011791	0.000295	0.198819	0.038671	0.000979
4	7	1000000.0	38788	0.04984828837674346	0	0.0	778121	0.010875	0.000653	0.000993	0.003797	0.114613	0.008523	0.00028	0.199831	0.039471	0.001119
4	8	1000000.0	47034	0.06059231909841968	0	0.0	776237	0.012134	0.000392	0.001019	0.003292	0.122991	0.008275	0.00051	0.188178	0.044283	0.001039
4	9	1000000.0	35423	0.046834013792519884	0	0.0	756352	0.014318	0.000319	0.000725	0.002831	0.117889	0.014609	0.00066	0.21875	0.061086	0.001374
4	10	1000000.0	41210	0.05420678025405235	0	0.0	760237	0.011058	0.001237	0.001318	0.002687	0.128085	0.005876	0.000684	0.221767	0.062484	0.001088
4	11	1000000.0	76579	0.10419776335178838	0	0.0	734939	0.012302	0.000132	0.000354	0.002484	0.093804	0.006493	0.000664	0.172275	0.074716	0.00089
4	12	1000000.0	77950	0.10560713603472639	0	0.0	738113	0.010435	0.000248	0.000534	0.001753	0.10758	0.006044	0.000934	0.236996	0.061739	0.00069
4	13	1000000.0	115798	0.1635026890867836	0	0.0	708233	0.01987	0.00023	0.002128	0.002041	0.11077	0.01364	0.000583	0.22883	0.085323	0.001242
4	14	1000000.0	49347	0.070280755574735	0	0.0	702141	0.015952	9.5e-05	0.004965	0.00226	0.123976	0.006432	0.000737	0.246936	0.090359	0.00117
4	15	1000000.0	77149	0.10377760769000023	0	0.0	743407	0.014383	3.5e-05	0.001158	0.003224	0.10893	0.007904	0.000823	0.173342	0.05682	0.000409
4	16	1000000.0	20374	0.028109396794474696	0	0.0	724811	0.063242	0.000142	0.00019	0.000518	0.239959	0.016377	0.00016	0.156253	0.048748	0.000389
4	17	1000000.0	7309	0.05947305038406458	0	0.0	122896	0.011527	0.00032	0.000174	0.0	0.04218	0.454569	2.8e-05	0.424287	0.002868	0.0
4	18	1000000.0	745	0.020280386552334287	0	0.0	36735	0.012755	0.0	0.00019	0.0	0.115541	0.494042	0.0	0.385798	0.002232	0.0
4	19	1000000.0	4175	0.14930443800736687	0	0.0	27963	0.012159	0.0	0.000256	0.0	0.140747	0.44798	0.0	0.417314	0.004459	0.0
4	20	1000000.0	10013	2.6815747188002144	0	0.0	3734	0.0	0.0	0.0	0.0	0.006724	0.550956	0.0	0.43899	0.000986	0.0
4	21	1000000.0	20422	0.06213754115220077	0	0.0	328658	0.039602	0.000149	0.000249	0.0	0.099292	0.265308	0.000336	0.352142	0.042186	0.0
4	22	1000000.0	65529	0.08872307498588505	0	0.0	738579	0.028681	0.000652	0.0	0.001322	0.141172	0.026521	0.00061	0.174341	0.042644	0.0
4	23	1000000.0	79177	0.10373692430245478	0	0.0	763248	0.009446	0.000676	0.000312	0.000703	0.133491	0.007758	0.000449	0.180671	0.039121	0.000215
4	24	1000000.0	56461	0.07526527674096192	0	0.0	750160	0.013386	0.001179	0.000384	0.000802	0.122186	0.013479	0.000413	0.165459	0.044284	0.000257
4	25	1000000.0	55200	0.07093383363959958	0	0.0	778190	0.010142	0.000257	0.000313	0.001346	0.125697	0.008016	0.000547	0.165011	0.029093	0.001321
4	26	1000000.0	15577	0.01957017724597842	0	0.0	795956	0.010551	0.000745	0.000242	0.00154	0.105185	0.008664	0.000501	0.150715	0.022696	0.001157
4	27	1000000.0	62700	0.08115433302010608	0	0.0	772602	0.008751	0.001009	0.00031	0.001169	0.085324	0.006667	0.000546	0.146439	0.026762	0.000224
4	28	1000000.0	69646	0.08860509880703843	0	0.0	786027	0.005855	0.000593	0.0	0.00109	0.090588	0.008881	0.00073	0.156835	0.027729	0.000393
4	29	1000000.0	101026	0.12863032500719382	0	0.0	785398	0.007502	0.000708	0.000394	0.001093	0.075064	0.009638	0.000874	0.134251	0.036865	0.000257
4	30	1000000.0	56429	0.07264354853867118	0	0.0	776793	0.010441	0.000659	0.000502	0.00192	0.097903	0.007129	0.000507	0.171502	0.038595	0.001159
4	31	1000000.0	61190	0.07822057460611677	0	0.0	782275	0.010476	0.000413	0.000538	0.002076	0.099193	0.007363	0.000389	0.180359	0.04079	0.000902
4	32	1000000.0	42305	0.05346049445744643	0	0.0	791332	0.01105	0.001382	0.000507	0.001225	0.078158	0.007126	0.000369	0.168745	0.037352	0.00125
4	33	1000000.0	55503	0.07136712737765057	0	0.0	777711	0.006752	0.000669	0.000348	0.000392	0.10295	0.010402	0.000406	0.167958	0.044665	0.000801
4	34	1000000.0	114077	0.15332827064334245	0	0.0	744005	0.014852	8e-05	0.003864	0.001863	0.087225	0.006591	0.001046	0.235973	0.065993	0.000317
4	35	1000000.0	75389	0.10514783515881174	0	0.0	716981	0.016942	0.0002	0.004237	0.003468	0.095105	0.008559	0.001055	0.258177	0.080194	0.00079
4	36	1000000.0	113609	0.15698268905519383	0	0.0	723704	0.014567	0.00017	0.00287	0.004309	0.094593	0.006216	0.000744	0.235244	0.064364	0.00138
4	37	1000000.0	57563	0.07895379331533785	0	0.0	729072	0.020755	0.000582	0.002165	0.003451	0.09568	0.009407	0.000535	0.249473	0.063404	0.001699
4	38	1000000.0	88175	0.11940066081681291	0	0.0	738480	0.009495	0.000226	0.000621	0.001633	0.081785	0.011954	0.00068	0.19694	0.061635	0.001362
4	39	1000000.0	62416	0.08827239762178185	0	0.0	707084	0.010523	0.00027	0.000627	0.002178	0.078429	0.005519	0.000337	0.203521	0.102594	0.000994
4	40	1000000.0	65382	0.08659431710721845	0	0.0	755038	0.010253	0.000114	0.003486	0.001321	0.080936	0.006407	0.000559	0.185525	0.063028	0.00145
4	41	564249.0	9577	0.06850647724915412	0	0.0	139797	0.07875955473558659	0.0	0.0028958846183156726	0.00037926518257010643	0.30125529686361874	0.004886140693204596	0.0002498896763662851	0.2502441298079394	0.26670317537115706	0.0
5	0	1000000.0	66958	0.09139501680266222	0	0.0	732622	0.008062	0.000365	0.004419	0.000517	0.063976	0.008021	0.000657	0.13321	0.078397	0.000176
5	1	1000000.0	43248	0.056461299048534155	0	0.0	765976	0.007643	0.000752	5.7e-05	0.002402	0.072435	0.005065	0.000278	0.132358	0.038931	0.000522
5	2	1000000.0	42117	0.05271471323381242	0	0.0	798961	0.011218	0.000995	0.002149	0.002289	0.05169	0.007468	0.000546	0.13119	0.060636	0.001206
5	3	1000000.0	78119	0.10644945902488213	0	0.0	733860	0.009313	0.00079	0.000527	0.001995	0.072755	0.005891	0.000513	0.154785	0.094448	0.000922
5	4	1000000.0	73297	0.10788918605832143	0	0.0	679373	0.013027	0.00013	0.005983	0.002517	0.092957	0.013125	0.000902	0.245455	0.10084	0.000554
5	5	1000000.0	57960	0.07938823394052458	0	0.0	730083	0.021892	0.000351	0.00484	0.003526	0.121816	0.013022	0.000727	0.264976	0.076321	0.001149
5	6	1000000.0	144854	0.1960538568149335	0	0.0	738848	0.009689	0.000484	0.001393	0.001579	0.103789	0.008251	0.000404	0.235412	0.05353	0.000697
5	7	1000000.0	55363	0.07491468361898422	0	0.0	739014	0.014101	0.000521	0.002485	0.002744	0.11235	0.017579	0.000503	0.234277	0.059917	0.00168
5	8	1000000.0	30692	0.0399563099907699	0	0.0	768139	0.020197	0.000938	0.000646	0.004544	0.120569	0.006745	0.000499	0.213276	0.048086	0.001219
5	9	1000000.0	28430	0.03640712980428767	0	0.0	780891	0.012084	0.000487	0.000411	0.003605	0.124696	0.009051	0.000597	0.201257	0.045595	0.00183
5	10	1000000.0	64227	0.08314024082411452	0	0.0	772514	0.009997	0.000139	0.000663	0.00309	0.113359	0.007878	0.0006	0.197206	0.040184	0.001536
5	11	1000000.0	82073	0.10435166254717076	0	0.0	786504	0.009089	0.000353	0.000226	0.002736	0.098667	0.008074	0.00094	0.178843	0.039806	0.001104
5	12	1000000.0	63944	0.08236279093731082	0	0.0	776370	0.012205	0.000707	0.000513	0.003577	0.10001	0.006911	0.000633	0.193598	0.036695	0.001786
5	13	1000000.0	43719	0.05481099053197464	0	0.0	797632	0.011657	0.000498	0.000727	0.001365	0.078596	0.007354	0.000733	0.175269	0.033096	0.001291
5	14	1000000.0	64606	0.08511114799796596	0	0.0	759078	0.011342	0.000949	0.000423	0.000821	0.094917	0.005576	0.000599	0.189296	0.032258	0.000903
5	15	1000000.0	92084	0.12158293898935271	0	0.0	757376	0.00616	0.000356	0.000162	0.000401	0.079252	0.006843	0.000949	0.154524	0.045545	4e-05
5	16	1000000.0	45941	0.05934356645262629	0	0.0	774153	0.015667	0.000795	0.0	0.000886	0.106318	0.008785	0.000639	0.157412	0.032769	0.000226
5	17	1000000.0	70915	0.0986650341915422	0	0.0	718745	0.008565	0.0	0.000858	0.00077	0.128356	0.006172	0.000788	0.187345	0.079516	0.000384
5	18	1000000.0	17094	0.1149470116735704	0	0.0	148712	0.021122	4.5e-05	0.000256	0.00075	0.060448	0.444071	6e-05	0.401468	0.010297	0.0
5	19	1000000.0	13503	0.3039436366091928	0	0.0	44426	0.00043	0.0	0.0	0.0	0.092589	0.588108	0.0	0.316557	0.00035	0.0
5	20	1000000.0	25749	0.2676778177433104	0	0.0	96194	0.028285	0.000151	0.0	0.0	0.098445	0.574497	0.0	0.274236	0.002717	0.0
5	21	1000000.0	18816	0.12721507433725246	0	0.0	147907	0.024907	0.0	0.0	0.000496	0.041475	0.514607	5.1e-05	0.309969	0.015833	0.0
5	22	1000000.0	53088	0.07254252759220518	0	0.0	731819	0.039849	0.001357	0.000544	0.002171	0.126386	0.016986	0.000511	0.188613	0.057247	0.000246
5	23	1000000.0	58804	0.07688606469496091	0	0.0	764820	0.007038	0.000184	0.000755	0.001419	0.108248	0.008749	0.000545	0.167417	0.042363	0.000155
5	24	1000000.0	82802	0.10794314610169094	0	0.0	767089	0.005066	0.00098	0.000358	0.001744	0.090346	0.00829	0.000811	0.156873	0.041169	0.000927
5	25	1000000.0	44249	0.05664299767918473	0	0.0	781191	0.0048	0.000336	0.000262	0.001631	0.085623	0.00784	0.000923	0.169081	0.045407	0.001446
5	26	1000000.0	48104	0.06142358060759597	0	0.0	783152	0.00569	0.00062	0.000711	0.002972	0.101833	0.006966	0.000351	0.159595	0.037052	0.000748
5	27	1000000.0	53659	0.06953142513570283	0	0.0	771723	0.017451	0.000612	0.000843	0.002013	0.100134	0.010098	0.00115	0.167407	0.035601	0.001148
5	28	1000000.0	29350	0.03771601574948855	0	0.0	778184	0.007369	0.000504	0.000567	0.001537	0.101708	0.007039	0.000273	0.168213	0.030242	0.000996
5	29	1000000.0	37642	0.04937646504806866	0	0.0	762347	0.011487	5.1e-05	0.000477	0.002119	0.107322	0.00729	0.000577	0.169867	0.044386	0.000325
5	30	1000000.0	56212	0.07349501399637311	0	0.0	764841	0.017342	0.0	0.000523	0.001809	0.141239	0.010381	0.000513	0.164023	0.049852	0.0
5	31	1000000.0	124094	0.17424258380125557	0	0.0	712191	0.01821	7.2e-05	0.001024	0.002151	0.106974	0.010116	0.000792	0.238976	0.061554	0.000659
5	32	1000000.0	110016	0.14985268898783782	0	0.0	734161	0.015695	0.000144	0.004038	0.001369	0.094031	0.008911	0.00068	0.261735	0.065464	0.001413
5	33	1000000.0	56872	0.07880402777373634	0	0.0	721689	0.011554	0.000635	0.002474	0.002192	0.117176	0.008453	0.000656	0.267151	0.068765	0.000776
5	34	1000000.0	91154	0.1249134962322042	0	0.0	729737	0.014941	0.000232	0.001444	0.001873	0.101489	0.009254	0.000558	0.227735	0.065687	0.001577
5	35	1000000.0	80689	0.1081436429138164	0	0.0	746128	0.021971	0.000498	0.000991	0.003139	0.089335	0.006632	0.000529	0.208027	0.056687	0.001244
5	36	1000000.0	22350	0.02878422392709542	0	0.0	776467	0.012499	0.000569	0.001127	0.003882	0.098388	0.006227	0.000294	0.192865	0.056811	0.001332
5	37	1000000.0	49495	0.06393860240640123	0	0.0	774102	0.015229	0.00045	0.000349	0.001341	0.081574	0.005777	0.000368	0.186494	0.046696	0.001184
5	38	1000000.0	37498	0.05029791366539775	0	0.0	745518	0.009442	0.000601	0.000205	0.001869	0.05935	0.005183	0.000376	0.186959	0.065952	0.000662
5	39	857073.0	49116	0.10909866325483454	0	0.0	450198	0.034667992108023474	0.00024268644561198404	0.0	0.0009485773090506876	0.16424155235318344	0.00578597155668187	0.0003558623361137266	0.18370663875772542	0.15768435127462888	0.00023801939858098434
6	0	1000000.0	78733	0.10818925596440458	0	0.0	727734	0.081974	0.00026	0.122227	0.000973	0.086557	0.007372	0.000499	0.146766	0.050658	0.000634
6	1	1000000.0	40968	0.054796645965889866	0	0.0	747637	0.006959	0.001092	0.001572	0.003076	0.106658	0.006963	0.000598	0.185363	0.052003	0.000704
6	2	1000000.0	63255	0.08409533862815116	0	0.0	752182	0.008262	0.000287	0.003118	0.001203	0.103524	0.00638	0.000317	0.165283	0.046322	0.000679
6	3	1000000.0	21928	0.0299901254694505	0	0.0	731174	0.010441	0.000562	0.000855	0.003746	0.109339	0.011678	0.00037	0.188009	0.049291	0.000236
6	4	1000000.0	56445	0.07619218599829379	0	0.0	740824	0.010506	0.000934	0.000501	0.002299	0.124435	0.008797	0.00066	0.171606	0.053773	0.000598
6	5	1000000.0	73946	0.10289198470520791	0	0.0	718676	0.021011	0.000199	0.000844	0.002045	0.11531	0.010045	0.000575	0.256339	0.077037	0.00041
6	6	1000000.0	73657	0.10695528053308474	0	0.0	688671	0.016204	0.000216	0.002574	0.001937	0.122964	0.011037	0.000675	0.30373	0.099934	0.000881
6	7	1000000.0	70719	0.09522469413751222	0	0.0	742654	0.055257	0.020169	0.00104	0.001185	0.139437	0.005645	0.000615	0.166701	0.072985	8.5e-05
6	8	1000000.0	63716	0.09232115637623957	0	0.0	690156	0.015544	3.7e-05	0.000626	0.002928	0.142833	0.007497	0.000522	0.187134	0.11075	0.000618
6	9	1000000.0	68313	0.10020741775167372	0	0.0	681716	0.012799	0.000369	0.002484	0.003811	0.115364	0.013011	0.000441	0.242949	0.110304	0.00113
6	10	1000000.0	81654	0.11563052722954899	0	0.0	706163	0.03853	0.000488	0.00115	0.001781	0.137027	0.009469	0.000308	0.217256	0.095699	0.000501
6	11	1000000.0	65353	0.08875962254105708	0	0.0	736292	0.055007	0.000154	0.000262	0.000911	0.16923	0.036294	0.000296	0.18792	0.02969	0.000169
6	12	1000000.0	55064	0.07279592182079703	0	0.0	756416	0.030622	0.000446	5e-05	0.000815	0.161141	0.018197	0.000426	0.17653	0.034977	0.000211
6	13	1000000.0	24023	0.09263450956499608	0	0.0	259331	0.048028	0.0001	0.0	0.000397	0.129118	0.249535	0.000143	0.313579	0.121154	8.1e-05
6	14	1000000.0	0	0.0	0	0.0	12341	0.012532	0.0	0.0	0.0	0.046206	0.534689	0.0	0.397012	0.0	0.0
6	15	1000000.0	46337	2.109775531575832	0	0.0	21963	0.0	0.0	0.0	0.0	0.055732	0.479676	0.000206	0.456235	0.0	0.0
6	16	1000000.0	6555	1.0489678348535765	0	0.0	6249	0.0	0.0	0.0	0.0	0.01002	0.503336	0.0	0.494119	0.0	0.0
6	17	1000000.0	32855	0.0747591460778469	0	0.0	439478	0.040297	0.000523	0.000834	0.002328	0.167443	0.144723	0.000454	0.307256	0.07685	0.000272
6	18	1000000.0	54577	0.07326194666269328	0	0.0	744957	0.029928	0.000294	0.000245	0.001858	0.126605	0.011622	0.000547	0.230849	0.055618	0.000739
6	19	1000000.0	12485	0.01648548260804692	0	0.0	757333	0.019185	0.000927	0.003243	0.002521	0.149841	0.008962	0.000597	0.229265	0.051326	0.001143
6	20	1000000.0	80141	0.10942946912213099	0	0.0	732353	0.015846	0.000155	0.001365	0.002583	0.121506	0.010619	0.000493	0.213216	0.056547	0.001054
6	21	1000000.0	83189	0.1187913664955483	0	0.0	700295	0.021667	0.0	0.005097	0.002917	0.095146	0.008272	0.000485	0.245093	0.100022	0.000598
6	22	1000000.0	57416	0.07568868716722407	0	0.0	758581	0.008349	0.000477	0.000799	0.001124	0.125275	0.00874	0.000616	0.192723	0.038121	0.000109
6	23	1000000.0	48231	0.06213181255466855	0	0.0	776269	0.009262	0.000573	0.001019	0.001252	0.108944	0.009317	0.000633	0.169195	0.039245	0.000766
6	24	1000000.0	49239	0.06371308344461352	0	0.0	772824	0.015297	0.000146	5e-05	0.002238	0.119304	0.009764	0.000386	0.178622	0.027514	0.0
6	25	1000000.0	42475	0.054555426258017944	0	0.0	778566	0.008982	0.000637	0.000699	0.002587	0.113034	0.007937	0.000512	0.178392	0.03891	0.000349
6	26	1000000.0	37550	0.048417064984598086	0	0.0	775553	0.012877	0.001158	0.000625	0.002402	0.137408	0.007948	0.000255	0.178704	0.042184	0.000339
6	27	1000000.0	60656	0.0776594614180124	0	0.0	781051	0.015166	0.000902	0.000416	0.001047	0.122134	0.008285	0.000651	0.182078	0.032509	0.000126
6	28	1000000.0	63050	0.08349279287033788	0	0.0	755155	0.006828	0.000199	0.000268	0.001995	0.110042	0.006006	0.00064	0.241868	0.063812	0.001028
6	29	1000000.0	93014	0.12252419818006502	0	0.0	759148	0.011499	0.000291	0.0	0.002536	0.098276	0.00684	0.000556	0.21864	0.039338	0.001319
6	30	1000000.0	53526	0.06854354883116384	0	0.0	780905	0.008318	0.001142	0.000409	0.001903	0.102859	0.010144	0.000416	0.225331	0.04355	0.004951
6	31	1000000.0	112896	0.14445473761790945	0	0.0	781532	0.008401	0.000511	0.00048	0.002889	0.07764	0.007078	0.000509	0.181628	0.032571	0.001274
6	32	1000000.0	158202	0.20865058064005593	0	0.0	758215	0.009129	4.3e-05	0.002944	0.002466	0.082106	0.007176	0.001617	0.219489	0.04658	0.000733
6	33	1000000.0	42204	0.05765770688889648	0	0.0	731975	0.016524	0.000242	0.002548	0.002858	0.096577	0.009821	0.000193	0.263499	0.060503	0.001331
6	34	1000000.0	93844	0.12743115765403046	0	0.0	736429	0.014227	0.000634	0.001295	0.004248	0.116637	0.008877	0.000517	0.221325	0.054682	0.000272
6	35	1000000.0	134045	0.1746871998571695	0	0.0	767343	0.014061	0.000607	0.001303	0.003059	0.069815	0.005472	0.000709	0.201615	0.039584	0.000744
6	36	1000000.0	86982	0.11609891004610214	0	0.0	749206	0.00721	4.5e-05	0.002632	0.002731	0.066747	0.006096	0.000518	0.171258	0.046411	0.000727
6	37	1000000.0	72793	0.09632538881221227	0	0.0	755699	0.01662	0.000305	0.000874	0.003756	0.072838	0.006596	0.000351	0.155545	0.056191	0.001199
6	38	1000000.0	35779	0.05896759328693365	0	0.0	606757	0.023287	0.000369	0.00027	0.001127	0.168752	0.004402	0.000596	0.204472	0.082492	0.000858
6	39	41292.0	0	0.0	0	0.0	4091	0.0	0.0	0.0	0.0	0.20108011237043494	0.003995931415286254	0.0	0.1509977719655139	0.5372711421098518	0.0
7	0	1000000.0	22154	0.09380054364854222	0	0.0	236182	0.079457	4.6e-05	0.002174	0.001091	0.273556	0.005342	0.000181	0.267235	0.278136	9.3e-05
7	1	1000000.0	82173	0.11251073105344372	0	0.0	730357	0.020302	0.000784	0.004329	0.000929	0.076734	0.006532	0.000412	0.174264	0.062847	0.000428
7	2	1000000.0	52447	0.0690152947694073	0	0.0	759933	0.013183	0.000515	0.00028	0.0026	0.080475	0.007749	0.000289	0.155553	0.046772	0.000972
7	3	1000000.0	59576	0.07915004311163722	0	0.0	752697	0.015579	0.00079	0.000696	0.002139	0.092238	0.009911	0.000677	0.173911	0.05637	0.000669
7	4	1000000.0	20986	0.02693499842774359	0	0.0	779135	0.011937	0.00047	0.000367	0.002971	0.085953	0.005755	0.00061	0.187631	0.051429	0.001404
7	5	1000000.0	14335	0.01771960380276171	0	0.0	808991	0.0097	0.000149	0.000586	0.00169	0.07368	0.005002	0.000279	0.181498	0.034352	0.002982
7	6	1000000.0	41655	0.052669711407155644	0	0.0	790872	0.012174	0.000548	0.000311	0.001318	0.105013	0.007084	0.000367	0.192335	0.04126	0.002445
7	7	1000000.0	30808	0.0393332448139561	0	0.0	783256	0.011018	0.0001	0.001081	0.001434	0.136229	0.004944	0.000421	0.201733	0.052018	0.002124
7	8	1000000.0	55808	0.07412710577803044	0	0.0	752869	0.012918	0.000543	0.000586	0.001981	0.143254	0.007323	0.000343	0.199543	0.054307	0.000704
7	9	1000000.0	57974	0.07807315233785822	0	0.0	742560	0.026049	0.0	0.000527	0.001277	0.167473	0.011342	0.000354	0.195858	0.05895	0.000375
7	10	1000000.0	123332	0.16399463332841344	0	0.0	752049	0.015548	0.000349	0.001386	0.002209	0.149864	0.008698	0.000901	0.224431	0.04754	0.000524
7	11	1000000.0	84629	0.11871556183999371	0	0.0	712872	0.011859	0.000276	0.001791	0.004373	0.160642	0.011789	0.000674	0.255013	0.073297	0.000513
7	12	1000000.0	47491	0.07327501080046905	0	0.0	648120	0.056684	0.000271	0.000597	0.002321	0.191573	0.052284	0.00024	0.242525	0.076327	0.000177
7	13	1000000.0	1821	0.12919474991131608	0	0.0	14095	0.00198	0.0	0.0	0.0	0.02509	0.475964	0.0	0.500037	0.0	0.0
7	14	1000000.0	1762	0.0617292600896861	0	0.0	28544	0.001483	0.0	0.0	0.0	0.165198	0.436863	0.0	0.413843	0.000132	0.0
7	15	1000000.0	5247	0.2967592330750523	0	0.0	17681	0.005261	0.0	0.0	0.0	0.0168	0.508541	0.0	0.48418	0.0	0.0
7	16	1000000.0	26566	0.06804188138388878	0	0.0	390436	0.036089	3.8e-05	0.0	0.000684	0.144397	0.215643	0.000153	0.312849	0.061488	0.000187
7	17	1000000.0	42367	0.05633452605573218	0	0.0	752061	0.027944	0.000198	0.00116	0.003317	0.161557	0.007477	0.00077	0.241018	0.058813	0.001371
7	18	1000000.0	79384	0.10606325797405068	0	0.0	748459	0.01593	0.000129	0.00114	0.002253	0.151349	0.006749	0.000701	0.201421	0.052181	0.000315
7	19	1000000.0	44981	0.05814375847480084	0	0.0	773617	0.015972	0.001256	0.000251	0.001925	0.106095	0.007229	0.000382	0.191869	0.03629	0.001581
7	20	1000000.0	59754	0.07773161168797042	0	0.0	768722	0.010673	0.000801	0.0	0.001571	0.113865	0.008458	0.00055	0.179554	0.043801	0.00093
7	21	1000000.0	96480	0.12654790995266257	0	0.0	762399	0.007774	0.000792	0.000263	0.001432	0.105127	0.006075	0.000496	0.179839	0.044484	0.000822
7	22	1000000.0	32549	0.04158245588036149	0	0.0	782758	0.011002	0.000483	0.001294	0.00326	0.110349	0.011526	0.000438	0.202095	0.04509	0.001141
7	23	1000000.0	33911	0.04234545177555949	0	0.0	800818	0.008997	0.000977	0.000597	0.002249	0.105324	0.008279	0.00037	0.197254	0.040347	0.001703
7	24	1000000.0	32550	0.04025954107833728	0	0.0	808504	0.01446	0.000936	6e-05	0.001263	0.107534	0.006291	0.000369	0.186643	0.036912	0.002209
7	25	1000000.0	58686	0.07465557378926077	0	0.0	786090	0.011517	0.000404	0.001665	0.003364	0.098256	0.007947	0.000669	0.207668	0.038466	0.001034
7	26	1000000.0	49471	0.06436851302242248	0	0.0	768559	0.010636	0.000252	0.00084	0.002815	0.120383	0.007369	0.000467	0.23997	0.04502	0.001277
7	27	1000000.0	65865	0.0890989862479269	0	0.0	739234	0.019417	0.000116	0.00086	0.001795	0.115293	0.007314	0.000606	0.262837	0.081983	0.000405
7	28	1000000.0	53976	0.06941241980265248	0	0.0	777613	0.012604	0.000468	0.001418	0.003786	0.100168	0.006109	0.000639	0.227588	0.054303	0.000531
7	29	1000000.0	88251	0.1157003231706118	0	0.0	762755	0.016489	0.000639	0.000452	0.000529	0.101154	0.009421	0.000664	0.181284	0.036958	0.000393
7	30	1000000.0	84801	0.11088939305772588	0	0.0	764735	0.009676	0.000699	0.000381	0.001575	0.080107	0.008288	0.000677	0.174502	0.04002	0.000647
7	31	1000000.0	81341	0.10554774114520617	0	0.0	770656	0.014416	4.8e-05	0.000483	0.001286	0.078147	0.007406	0.000762	0.158246	0.031337	0.000327
7	32	1000000.0	139402	0.1822767795267148	0	0.0	764782	0.006351	0.000211	0.000162	0.000343	0.078777	0.006097	0.000925	0.134355	0.037726	0.000887
7	33	1000000.0	52498	0.0773552627895223	0	0.0	678661	0.00975	0.000446	0.000469	0.000433	0.074155	0.004979	0.000656	0.117968	0.034769	0.000799
7	34	1000000.0	42859	0.05464464849895834	0	0.0	784322	0.012305	3.3e-05	0.00069	0.000887	0.070422	0.0071	0.000541	0.152671	0.041031	0.000975
7	35	1000000.0	107475	0.14359446438162526	0	0.0	748462	0.011764	0.0	0.001578	0.003043	0.062705	0.006044	0.000599	0.212247	0.058155	0.000567
7	36	815055.0	54700	0.09937901740132045	0	0.0	550418	0.013327934924636988	0.000771727061363957	0.001153296403310206	0.0007030200415922852	0.06927385268478814	0.005921072811037292	0.0003778886087441952	0.2027679113679445	0.12262362662642398	0.00028341645655814636
8	0	1000000.0	54727	0.09907814078448554	0	0.0	552362	0.038213	0.000137	0.0	0.001733	0.107256	0.01158	0.000243	0.229947	0.15126	0.001077
8	1	1000000.0	100967	0.131510257245197	0	0.0	767750	0.01105	0.000232	0.002532	0.002291	0.068475	0.007832	0.000531	0.16332	0.055451	0.00127
8	2	1000000.0	86933	0.11347844532193323	0	0.0	766075	0.020023	0.000584	0.000897	0.002685	0.070634	0.00778	0.000858	0.192581	0.052311	0.002361
8	3	1000000.0	107483	0.1440418229600117	0	0.0	746193	0.016864	0.00016	0.001348	0.002962	0.088652	0.008485	0.000132	0.229342	0.069568	0.001409
8	4	1000000.0	171111	0.22337667423827054	0	0.0	766020	0.015133	0.000191	0.001971	0.001671	0.081085	0.006114	0.00069	0.183623	0.040434	0.000501
8	5	1000000.0	50316	0.0646948096031599	0	0.0	777744	0.012395	0.001019	0.000266	0.002705	0.118663	0.005429	0.000594	0.140183	0.028052	0.000294
8	6	1000000.0	76755	0.09722653256401649	0	0.0	789445	0.019602	0.001481	0.0	0.002098	0.089087	0.005597	0.000384	0.162543	0.033697	9.6e-05
8	7	1000000.0	8601	0.010814365339713906	0	0.0	795331	0.013405	0.000965	0.000334	0.004696	0.113081	0.009058	0.000311	0.162056	0.027543	0.001184
8	8	1000000.0	102222	0.13490824386477765	0	0.0	757715	0.006375	0.00045	0.000198	0.001143	0.102661	0.008135	0.001036	0.152873	0.037217	0.000655
8	9	1000000.0	91165	0.12106423382866552	0	0.0	753030	0.011369	0.001058	0.000746	0.002578	0.105813	0.00713	0.000605	0.175717	0.039106	0.00054
8	10	1000000.0	41632	0.05414812175003317	0	0.0	768854	0.02251	0.00028	0.001106	0.003278	0.123084	0.007484	0.000373	0.189708	0.043222	0.001504
8	11	1000000.0	48039	0.06412518821481585	0	0.0	749144	0.013707	6e-05	0.000757	0.00188	0.129223	0.011811	0.000495	0.203719	0.055161	0.001848
8	12	1000000.0	104360	0.1400421897896415	0	0.0	745204	0.00988	0.000366	0.000176	0.002027	0.141315	0.008968	0.000605	0.172897	0.058324	0.000952
8	13	1000000.0	64451	0.10091993078988781	0	0.0	638635	0.017203	9.9e-05	0.000752	0.000634	0.121804	0.063388	0.000474	0.194884	0.100623	0.00018
8	14	1000000.0	8525	0.21116120083225998	0	0.0	40372	0.024958	0.0	0.0	0.0	0.034	0.488159	7.7e-05	0.45095	0.003305	0.0
8	15	1000000.0	13601	0.34322557851969615	0	0.0	39627	0.025212	0.0	0.0	0.0	0.041093	0.497317	0.0	0.43408	0.001686	0.0
8	16	1000000.0	23402	0.0624764732108294	0	0.0	374573	0.026426	0.0	0.000366	0.000816	0.118861	0.227786	0.000401	0.358608	0.043166	0.000111
8	17	1000000.0	23818	0.031498249729888426	0	0.0	756169	0.030559	0.000386	0.00046	0.003589	0.187144	0.005982	0.000558	0.216118	0.051005	0.001513
8	18	1000000.0	21053	0.0278275282762741	0	0.0	756553	0.022888	0.000628	0.001606	0.004019	0.17714	0.008237	0.000584	0.228328	0.051105	0.000586
8	19	1000000.0	77524	0.10964367643772611	0	0.0	707054	0.021195	0.009942	0.000609	0.000682	0.129092	0.007475	0.00092	0.248565	0.054075	0.000977
8	20	1000000.0	45844	0.06093926544284784	0	0.0	752290	0.010074	0.00039	0.000236	0.002299	0.139466	0.005712	0.000357	0.209209	0.052495	0.001995
8	21	1000000.0	70927	0.09558057582556784	0	0.0	742065	0.011736	0.000141	0.000892	0.00266	0.133244	0.007306	0.000492	0.182635	0.064973	0.001185
8	22	1000000.0	54740	0.07138860886110782	0	0.0	766789	0.016812	0.0	0.000156	0.000888	0.12432	0.009785	0.00034	0.142973	0.046191	0.00014
8	23	1000000.0	33746	0.04363370239968554	0	0.0	773393	0.012322	0.000758	0.000127	0.002079	0.097567	0.006742	0.000231	0.164185	0.036589	0.001009
8	24	1000000.0	97347	0.12908602685231227	0	0.0	754125	0.014959	0.000801	0.000731	0.002232	0.109178	0.008353	0.000731	0.21687	0.064535	0.000843
8	25	1000000.0	87817	0.1228782076127763	0	0.0	714667	0.016885	4.8e-05	0.001518	0.002317	0.114744	0.005143	0.000221	0.216371	0.0987	0.0018
8	26	1000000.0	158313	0.22305616806035972	0	0.0	709745	0.012094	0.000179	0.002537	0.003811	0.10657	0.005107	0.000639	0.198694	0.103198	0.00061
8	27	1000000.0	104245	0.15028147592858224	0	0.0	693665	0.013477	0.000475	0.002847	0.00225	0.123565	0.006295	0.000532	0.220577	0.102706	0.000818
8	28	491252.0	31263	0.20142387732749178	0	0.0	155210	0.047934664897038584	0.0	0.0	0.0	0.3926620146075741	0.004038660402400397	0.0002870217322270444	0.2203756931269491	0.16749041225277456	0.0
9	0	1000000.0	47158	0.10476342810427025	0	0.0	450138	0.038407	0.0	0.001457	0.000343	0.196291	0.006071	0.000297	0.206182	0.219257	0.00045
9	1	1000000.0	64648	0.08581608109040902	0	0.0	753332	0.009984	0.000504	0.000287	0.001889	0.087006	0.008318	0.000326	0.182026	0.05941	0.001262
9	2	1000000.0	27286	0.0332942870390707	0	0.0	819540	0.017045	0.000244	0.000259	0.002141	0.097515	0.003561	0.000221	0.140472	0.031808	0.001544
9	3	1000000.0	81651	0.10634049901930906	0	0.0	767826	0.014197	0.000252	5.5e-05	0.001593	0.083501	0.005778	0.000309	0.14778	0.045862	0.001319
9	4	1000000.0	40024	0.05427593885142328	0	0.0	737417	0.008009	0.000207	0.000106	0.001625	0.101186	0.006535	0.00039	0.158863	0.069474	0.001521
9	5	1000000.0	69885	0.09372925342507092	0	0.0	745605	0.010324	0.001226	0.000662	0.001378	0.096828	0.007186	0.00051	0.166438	0.061315	0.00132
9	6	1000000.0	35653	0.04871966209300641	0	0.0	731799	0.01557	4e-05	0.000179	0.002361	0.137986	0.005257	0.000261	0.221921	0.07099	0.001259
9	7	1000000.0	56987	0.07992320012566233	0	0.0	713022	0.017982	0.000734	0.000332	0.002319	0.138968	0.009369	0.000669	0.205432	0.085948	0.000799
9	8	1000000.0	59003	0.08181679516334794	0	0.0	721160	0.017667	0.0	0.000801	0.001774	0.11024	0.006917	0.000792	0.244806	0.071002	0.001383
9	9	1000000.0	66670	0.09190081824397345	0	0.0	725456	0.011687	0.000209	0.000902	0.002175	0.148938	0.01219	0.000511	0.238787	0.0686	0.001381
9	10	1000000.0	52234	0.07161356042814035	0	0.0	729387	0.023332	0.000131	0.000991	0.001601	0.141783	0.015796	0.000357	0.225202	0.060927	0.000617
9	11	1000000.0	23040	0.045912328177495784	0	0.0	501826	0.018238	0.000439	0.000461	0.000906	0.101977	0.18229	0.000409	0.265224	0.062277	0.000476
9	12	1000000.0	50228	3.493392683266101	0	0.0	14378	0.005074	0.0	0.0	0.0	0.242627	0.440756	0.0	0.320728	0.006616	0.0
9	13	1000000.0	38692	11.70356926799758	0	0.0	3306	0.00081	0.0	0.0	0.0	0.242926	0.448647	0.0	0.319453	0.007145	0.0
9	14	1000000.0	31020	0.2001781081813606	0	0.0	154962	0.035074	0.0	0.0	0.000115	0.137977	0.360665	8.6e-05	0.349605	0.089979	0.0
9	15	1000000.0	79238	0.11645437163168097	0	0.0	680421	0.02915	0.000712	0.002459	0.003176	0.162914	0.006104	0.000326	0.282922	0.082643	0.000405
9	16	1000000.0	44663	0.06413918388155297	0	0.0	696345	0.017778	0.000646	0.000666	0.003062	0.19227	0.011927	0.000229	0.265904	0.075108	0.000259
9	17	1000000.0	50306	0.06932476362799504	0	0.0	725657	0.015253	0.000221	0.002174	0.002555	0.170872	0.006448	0.000354	0.256251	0.06346	0.000694
9	18	1000000.0	27087	0.037641797723454315	0	0.0	719599	0.022739	5.3e-05	0.002368	0.00286	0.164701	0.008716	0.000965	0.228462	0.076249	0.000309
9	19	1000000.0	69019	0.09549855200401813	0	0.0	722723	0.014688	0.00037	0.001993	0.002814	0.154354	0.006548	0.000624	0.231747	0.059312	0.000423
9	20	1000000.0	75942	0.10030073579231401	0	0.0	757143	0.012177	0.002808	0.000173	0.000788	0.124532	0.00595	0.000635	0.1554	0.065563	0.000478
9	21	1000000.0	71869	0.09801311678411039	0	0.0	733259	0.01314	0.000392	0.001681	0.002268	0.125063	0.009672	0.00053	0.180944	0.061549	0.003287
9	22	1000000.0	117535	0.16402605214056545	0	0.0	716563	0.012537	0.000163	0.002215	0.003601	0.105561	0.011907	0.00079	0.198994	0.097846	0.000547
9	23	1000000.0	106241	0.15039268201533357	0	0.0	706424	0.010809	0.000267	0.005131	0.003392	0.126408	0.005381	0.000419	0.208211	0.102233	0.000685
9	24	1000000.0	42036	0.054751770093623496	0	0.0	767756	0.015605	0.000963	0.000495	0.002832	0.08522	0.005997	0.000572	0.133911	0.067849	0.001895
9	25	1000000.0	69092	0.10352691561954024	0	0.0	667382	0.020173	0.000409	0.000738	0.001819	0.166609	0.004387	0.000482	0.154263	0.052421	0.000753
9	26	473722.0	5914	0.02196430892648233	0	0.0	269255	0.05051485892569904	0.00010976902064924154	0.0	0.002199602298394417	0.12519156805045997	0.00425354955015811	0.00043696513989217303	0.18645323628626073	0.14773854708035514	0.0005530669886557939
X	0	1000000.0	62241	0.10100942890991416	0	0.0	616190	0.018709	0.000587	0.001876	0.003056	0.116326	0.005241	0.000461	0.206308	0.153479	0.000469
X	1	1000000.0	55280	0.07809994475926484	0	0.0	707811	0.0151	0.000495	0.00214	0.002423	0.154427	0.013808	0.000617	0.198365	0.063071	0.001945
X	2	1000000.0	83033	0.11539878059458175	0	0.0	719531	0.017755	0.000449	0.001244	0.002505	0.133666	0.014139	0.000498	0.209933	0.064794	0.001308
X	3	1000000.0	32290	0.044915906128677324	0	0.0	718899	0.012199	0.000102	0.00177	0.004409	0.161932	0.011982	0.000328	0.222821	0.072666	0.002809
X	4	1000000.0	33628	0.046672301540707804	0	0.0	720513	0.010788	0.000506	0.003619	0.002535	0.165627	0.010208	0.000366	0.253722	0.040162	0.001354
X	5	1000000.0	81293	0.11376380711945669	0	0.0	714577	0.013465	0.000219	0.003409	0.00162	0.1787	0.006522	0.000399	0.23788	0.073287	0.000867
X	6	1000000.0	74858	0.10809273177528933	0	0.0	692535	0.009217	0.000366	0.000602	0.004583	0.166813	0.011775	0.000591	0.212834	0.089635	0.000494
X	7	1000000.0	77446	0.10420627584267471	0	0.0	743199	0.093461	0.018181	0.000467	0.000496	0.130367	0.007323	0.000201	0.163954	0.059311	0.000159
X	8	1000000.0	53520	0.08882397849105454	0	0.0	602540	0.098277	0.021798	0.0	0.001234	0.250285	0.008531	0.000681	0.224718	0.114563	0.0
X	9	1000000.0	27417	0.3043357605896457	0	0.0	90088	0.035094	0.0	0.0	0.000567	0.099187	0.387444	0.0	0.441069	0.057849	0.0
X	10	1000000.0	3697	0.07863280585332652	0	0.0	47016	0.000153	0.0	0.0	0.000995	0.086163	0.503203	0.0	0.449394	0.013457	0.0
X	11	1000000.0	13685	0.13887338522269466	0	0.0	98543	0.054236	0.0	0.0	0.000137	0.073594	0.518315	0.0002	0.322063	0.024667	0.0
X	12	1000000.0	51290	0.09321370090560319	0	0.0	550241	0.083924	0.008137	0.000286	0.000114	0.33771	0.008716	0.000157	0.23326	0.087268	0.0
X	13	1000000.0	69474	0.11021426055835293	0	0.0	630354	0.111159	0.008034	0.000297	0.001203	0.235873	0.038968	0.000431	0.209194	0.065379	8.2e-05
X	14	1000000.0	92684	0.13014948008453453	0	0.0	712135	0.013687	0.000437	0.000628	0.000676	0.178719	0.007744	0.001195	0.198301	0.070161	0.000352
X	15	1000000.0	73924	0.10962959008285543	0	0.0	674307	0.012192	8.6e-05	0.00167	0.001977	0.220333	0.010324	0.000298	0.235971	0.07582	4e-05
X	16	1000000.0	66973	0.09339279414205054	0	0.0	717111	0.011086	9.2e-05	0.001387	0.004025	0.175768	0.013863	0.000401	0.216887	0.052826	0.001487
X	17	1000000.0	14923	0.020579559448766233	0	0.0	725137	0.009249	0.000364	0.001734	0.003679	0.147166	0.012777	0.000451	0.246969	0.046033	0.001204
X	18	1000000.0	51224	0.06882494810316218	0	0.0	744265	0.009375	0.000383	0.000356	0.004216	0.132046	0.011587	0.000504	0.201208	0.043704	0.001111
X	19	1000000.0	31657	0.04581643035054483	0	0.0	690953	0.011849	0.000327	0.002692	0.00339	0.182161	0.01044	0.000372	0.22455	0.069711	0.001317
X	20	1000000.0	57676	0.08189065816656137	0	0.0	704305	0.008509	0.000397	0.001599	0.003139	0.131852	0.011339	0.000259	0.203498	0.073181	0.001958
X	21	1000000.0	71104	0.10535127710864794	0	0.0	674923	0.011658	0.000189	0.005623	0.002777	0.102624	0.010547	0.000359	0.220857	0.093888	0.000708
X	22	912655.0	7571	0.04518327544431315	0	0.0	167562	0.06439454120122061	0.0	0.0	0.0006486569404649073	0.2979088483600046	0.0060471919838274045	7.450789181015827e-05	0.2796489363450592	0.33738488256789256	0.0005105981997578494
Y	0	1000000.0	9242	0.0316918191762596	0	0.0	291621	0.094686	0.007832	0.0	0.0	0.100265	0.110369	5.6e-05	0.540135	0.031853	0.0
Y	1	1000000.0	1301	0.02146864686468647	0	0.0	60600	0.022052	0.000961	0.0	0.00012	0.037621	0.208805	3e-05	0.689866	0.032493	0.0
Y	2	1000000.0	3732	0.013723867836063766	0	0.0	271935	0.058375	0.0	0.0	0.00012	0.397062	0.009645	0.000169	0.453839	0.02097	0.0
Y	3	498892.0	2638	0.11328695353431247	0	0.0	23286	0.00011826206874433745	0.0	0.0	0.0	0.03478909262926645	0.002337179189083008	0.0	0.922636562622772	0.024376017254235386	0.0
